507453394475163648	Positive
507453394475163648	Positive
507465020704571392	Positive
507491246399815680	Neutral
507500187238273024	Neutral
507500742236983296	Positive
507504626766471168	Neutral
507509829879877634	Neutral
507510522703392769	Neutral
507510599295569920	Neutral
507517566685032448	Negative
507518454124257280	Positive
507521786326810624	Positive
507522504194531328	Neutral
507525123520217089	Positive
507528635998564352	Neutral
507528640436125696	Neutral
507528726289350656	Neutral
507528730387152896	Neutral
507528730387152896	Neutral
507528734552109057	Neutral
507529597622439937	Positive
507531278904614912	Positive
507531474309251073	Positive
507531632572522496	Positive
507533743439880192	Positive
507533743439880192	Positive
507541788807016448	Positive
507546016162127872	Positive
507548010897604608	Positive
507548916724670464	Positive
507548916724670464	Neutral
507549371815452672	Positive
507549371815452672	Positive
507549374730481664	Positive
507556362151555072	Positive
507556362151555072	Neutral
507558746214510592	Positive
507558746214510592	Positive
507560033824305153	Positive
507567602089357312	Positive
507567602089357312	Positive
507573858069921793	Positive
507574619264786433	Negative
507575890092388355	Negative
507575890092388355	Neutral
507579459939991552	Neutral
507579832251985920	Positive
507583373808656384	Positive
507588458110386176	Positive
507588458110386176	Positive
507590591392530432	Positive
507590591392530432	Positive
507595284558270465	Neutral
507596268416159744	Neutral
507597883013488640	Positive
507598871770312705	Positive
507602016755924992	Positive
507602160310157312	Positive
507607409775226880	Positive
507608901701746691	Neutral
507615762190565376	Positive
507615762190565376	Positive
507615807031898112	Neutral
507618541671960576	Positive
507622584918085632	Neutral
507622584918085632	Negative
507622703323299840	Positive
507626147346403328	Neutral
507631087460163585	Negative
507631551585075200	Positive
507636624599945216	Positive
507639586936217600	Neutral
507645705922818048	Neutral
507655067559010304	Negative
507656882304331776	Positive
507656882304331776	Positive
507763046698479616	Positive
507770244287725569	Positive
507770244287725569	Neutral
507770252466614273	Neutral
507771799791075328	Positive
507772330995499008	Positive
507773495686995968	Positive
507775742596640768	Positive
507778443279605760	Positive
507778616881459200	Positive
507787690679357440	Negative
507787690679357440	Negative
507795298136371200	Negative
507795576990466048	Positive
507800196856557569	Negative
507800196856557569	Positive
507801064935288832	Neutral
507806654490882048	Neutral
507808847902146560	Negative
507811352228802560	Neutral
507811352228802560	Positive
507815415670915072	Positive
507815724757577728	Positive
507818552141680640	Negative
507818605099380736	Positive
507818898172149760	Positive
507823621197537280	Positive
507823877956050945	Positive
507826846784696320	Neutral
507827503897911297	Positive
507829202855657472	Neutral
507829396523454464	Positive
507830762142695424	Neutral
507830804429668352	Neutral
507830811211481088	Neutral
507830821710221312	Neutral
507830845919731712	Positive
507830845919731712	Negative
507835955030396928	Positive
507837272025477120	Positive
507837272025477120	Positive
507843964515663872	Positive
507845064593534977	Positive
507855792675237888	Positive
507858514518081536	Positive
507862786609664000	Positive
507865113635074048	Positive
507870970292744192	Neutral
507878461386788864	Neutral
507878513089978368	Positive
507878745227952128	Positive
507878745227952128	Positive
507881407998590976	Positive
507881407998590976	Positive
507886628371955712	Neutral
507891242257367040	Positive
507891254823505920	Neutral
507891254823505920	Neutral
507891265489604608	Neutral
507891270535364608	Neutral
507891923969785856	Neutral
507894478427131905	Positive
507898556573700096	Positive
507901446713769984	Positive
507901478736887809	Neutral
507905312796332032	Negative
507906360403451904	Neutral
507908683691724800	Positive
507909109421985792	Neutral
507909109421985792	Neutral
507909791507677185	Positive
507910414936866816	Positive
507910650392489984	Positive
507911412489154560	Positive
507912174980038656	Positive
507912174980038656	Positive
507917418229149698	Negative
507919326150545409	Neutral
507920035697160192	Positive
507920035697160192	Positive
507920366149599232	Neutral
507925609516105728	Negative
507925609516105728	Negative
507929684324409344	Positive
507937549768073216	Positive
507939831842734080	Negative
507939831842734080	Negative
507945827005136897	Neutral
507947944948281344	Neutral
507951285199699969	Positive
507966737825161216	Negative
507966737825161216	Negative
507970235736293376	Neutral
507970235736293376	Neutral
507980629146091520	Positive
507982313666666497	Positive
507982313666666497	Negative
507992099334393857	Negative
507996964253073408	Neutral
508002643101638656	Neutral
508002643101638656	Neutral
508022918862098432	Neutral
508027591417413633	Positive
508027591417413633	Positive
508063611365773315	Neutral
508114360716521474	Positive
508115135177965568	Positive
508115151221178369	Negative
508115151221178369	Negative
508115412488171520	Positive
508116814992125952	Negative
508132802454630400	Neutral
508132827830173696	Neutral
508132906431447040	Neutral
508132924282372097	Neutral
508132929659469824	Neutral
508132929659469824	Neutral
508137616412512256	Neutral
508145591910948865	Positive
508148080323997696	Positive
508148080323997696	Positive
508149155483492352	Positive
508157049164009472	Positive
508157850246324226	Neutral
508158120598962176	Positive
508159931007369216	Positive
508159931007369216	Positive
508161708729581568	Negative
508161708729581568	Negative
508161948970917888	Positive
508162531970400256	Neutral
508162531970400256	Neutral
508162707515006976	Positive
508164110249635840	Neutral
508164110249635840	Positive
508164880411549696	Neutral
508166340684054529	Positive
508168160839614464	Negative
508171933511593984	Positive
508176500256800768	Neutral
508179141842436096	Neutral
508181315385327617	Positive
508182673630953472	Neutral
508183556347400192	Neutral
508184113681944576	Neutral
508186776822116352	Positive
508189225947529216	Negative
508189225947529216	Negative
508190451191795713	Positive
508191310067412992	Neutral
508193017392799744	Positive
508193021792620544	Neutral
508195471815639040	Positive
508197884442202112	Negative
508197884442202112	Negative
508198530222415872	Negative
508199752857829376	Negative
508203795839340544	Positive
508203795839340544	Neutral
508206654450442240	Positive
508206654450442240	Positive
508208805554171905	Positive
508209353661636608	Positive
508210831121608704	Positive
508212012074414080	Positive
508214888146411520	Neutral
508215811131973632	Positive
508215928140476416	Neutral
508216713473974272	Positive
508226922883846144	Neutral
508231813773680640	Neutral
508242099779960832	Neutral
508242449408720896	Neutral
508245870740258816	Positive
508245870740258816	Positive
508250248092090368	Positive
508258179009249281	Neutral
508258179009249281	Neutral
508258575253532672	Neutral
508260220280516608	Positive
508268563204153345	Neutral
508273483189460992	Positive
508289920218456065	Positive
508291083042693121	Negative
508291083042693121	Neutral
508293197555335168	Positive
508300248502898688	Positive
508309738283859968	Positive
508316697955008512	Positive
508328085822136320	Positive
508328085822136320	Positive
508329583242797057	Neutral
508330167606185986	Positive
508331613663412225	Neutral
508333033163083778	Neutral
508333033163083778	Negative
508336035315478528	Neutral
508336313641492481	Neutral
508336764038443009	Neutral
508337388494807040	Positive
508339286811623424	Positive
508355266426195968	Neutral
508370292906143744	Negative
508371589835288578	Negative
508378841039917056	Neutral
508380663532494849	Negative
508440134438490112	Neutral
508478034240761856	Positive
508500531426643968	Neutral
508502436647276544	Positive
508506754993246208	Positive
508522073589694464	Negative
508522073589694464	Negative
508524316250898432	Negative
508524316250898432	Negative
508525092981448704	Positive
508528240856928256	Positive
508529888861892608	Positive
508533522949472256	Positive
508538341869223936	Negative
508539382983577600	Neutral
508539598553636866	Neutral
508540018269650944	Neutral
508542191187542016	Positive
508545238013837312	Positive
508548683198390272	Positive
508552372868890624	Negative
508553621957804032	Neutral
508554187484196865	Positive
508555191265017856	Negative
508556403569864704	Positive
508556896367017984	Positive
508557985770389504	Positive
508558335277559809	Positive
508558493524451329	Positive
508559466099646464	Positive
508559751022907392	Positive
508564815183237121	Positive
508565855308087296	Positive
508566021578702848	Negative
508566021578702848	Negative
508569152517189632	Neutral
508569303235702784	Positive
508572912681775104	Neutral
508572912681775104	Neutral
508579648582995969	Neutral
508585493249138688	Positive
508588431153561600	Neutral
508593340787720192	Positive
508593420017750016	Positive
508593420017750016	Positive
508593736591634432	Positive
508599124933881856	Negative
508603528323936258	Positive
508606685133688832	Positive
508610558804107264	Positive
508615224975319041	Negative
508615224975319041	Neutral
508620772785393664	Neutral
508620772785393664	Neutral
508622010730438656	Positive
508624470844928000	Positive
508631660490145792	Negative
508631854468321280	Neutral
508632121616130048	Negative
508635255667163137	Positive
508636330243264512	Negative
508637370342588416	Neutral
508640007218028544	Neutral
508640293508636672	Positive
508640293508636672	Positive
508640589718753280	Positive
508643679150424064	Negative
508652666843832321	Neutral
508662067449331712	Positive
508666799659831297	Negative
508672630254485505	Positive
508674701368262656	Negative
508677345067012096	Positive
508677919410245634	Positive
508677919410245634	Positive
508679445591248896	Negative
508684263060152321	Neutral
508691779429101568	Positive
508692434768125952	Negative
508692434768125952	Negative
508693152933240833	Positive
508699093569667072	Neutral
508699277603123200	Positive
508699676556922880	Positive
508701626610515969	Negative
508703198589513728	Positive
508704228341469184	Positive
508709202395938816	Positive
508710021459607553	Positive
508720877807341568	Negative
508722163050770433	Neutral
508722229526671360	Neutral
508725115979186176	Neutral
508725199001640960	Positive
508725507316150272	Neutral
508728259019026432	Negative
508733646681817088	Positive
508746695086460928	Positive
508756981348200448	Positive
508756981348200448	Neutral
508757923766345728	Neutral
508810940230696960	Negative
508829980806373376	Neutral
508831113620779008	Positive
508831113620779008	Positive
508832125924020224	Positive
508832278387380224	Positive
508832533899800576	Positive
508832534591856641	Positive
508833087040405504	Positive
508834628732743680	Neutral
508835374794547200	Positive
508835806216069120	Negative
508835806216069120	Negative
508837264743755777	Neutral
508842340237471744	Neutral
508842563030495233	Positive
508845948840468481	Negative
508846742369230848	Neutral
508849725840556034	Positive
508849733830721536	Positive
508850605616824321	Neutral
508850657558679552	Negative
508851063340793856	Negative
508851064041635840	Positive
508851064884322305	Positive
508851379558162432	Negative
508852367778140160	Neutral
508857283741503488	Positive
508857375311527936	Positive
508857375311527936	Positive
508857381569044481	Positive
508857696427470848	Positive
508857696427470848	Positive
508857892636606465	Negative
508858116356976640	Negative
508858116356976640	Negative
508858746882498560	Neutral
508859008917467136	Negative
508859610456145920	Negative
508859890517803008	Positive
508859891230859264	Negative
508861253780275202	Neutral
508864633776918528	Neutral
508864827805405186	Positive
508864879403761664	Neutral
508864930087698432	Positive
508865203661180928	Negative
508865428568162304	Neutral
508866271665205248	Neutral
508866711920336896	Negative
508866711920336896	Negative
508866746925989889	Neutral
508866746925989889	Neutral
508867226796302336	Neutral
508867607806504960	Negative
508867941182763008	Positive
508868226911330304	Positive
508869255342084096	Positive
508869506517991424	Negative
508869506517991424	Negative
508869689447956480	Negative
508869690077114368	Negative
508869690077114368	Negative
508869812316303360	Positive
508870620147617792	Positive
508871007260901376	Positive
508871007260901376	Positive
508871247024119808	Positive
508871468919586816	Positive
508872379645566976	Positive
508872934866575361	Positive
508872934866575361	Positive
508873020912312320	Neutral
508873165829718016	Negative
508874890389487616	Neutral
508875455273787392	Negative
508876292616642560	Positive
508876344487579648	Positive
508876762777124864	Positive
508877068042776576	Positive
508877234975694848	Positive
508878114530009088	Positive
508878532387565568	Positive
508878995849375744	Positive
508878996872781825	Positive
508879928390324224	Positive
508880140026527744	Positive
508880323267264512	Neutral
508881274681819136	Positive
508882253209169920	Positive
508882412806631424	Positive
508882526862315520	Positive
508882805733208064	Positive
508882973085929472	Positive
508883298366812161	Positive
508883468999475200	Neutral
508883468999475200	Neutral
508883642395787264	Positive
508883660104560640	Negative
508883660104560640	Negative
508883828048683008	Neutral
508884953418186752	Positive
508884953418186752	Positive
508884956949778433	Negative
508884956949778433	Positive
508885615342272512	Neutral
508885615342272512	Positive
508885846729428992	Positive
508886086081597440	Positive
508886221117222912	Positive
508886221117222912	Negative
508886233800769536	Positive
508886418199171072	Positive
508886461534699521	Negative
508887361636540416	Positive
508887437326962688	Neutral
508887471577649153	Positive
508887478632480769	Positive
508887479928504320	Positive
508887482440904705	Positive
508887490863063041	Neutral
508888043781378049	Positive
508888043781378049	Positive
508888091470209024	Negative
508888300883836928	Negative
508888489484886016	Positive
508888629813317632	Negative
508888630857695235	Negative
508888786919759872	Negative
508888786919759872	Negative
508888801985695744	Positive
508888963604426752	Negative
508888964422307840	Negative
508889516946763776	Positive
508889516946763776	Positive
508890080837390336	Neutral
508890809291509760	Positive
508891014309093376	Neutral
508891014309093376	Neutral
508891394740469761	Positive
508891617785548800	Negative
508891617785548800	Negative
508891880315056128	Positive
508892370616975360	Positive
508892581808181248	Neutral
508892638188011520	Positive
508892719050014720	Positive
508892936361086976	Neutral
508893417389432832	Neutral
508893475878600705	Neutral
508893892205633537	Positive
508894024552689664	Positive
508894032903536640	Positive
508894032903536640	Positive
508894187048423424	Positive
508894214290034688	Negative
508895242502680576	Positive
508895386388688896	Positive
508895386388688896	Positive
508895524842242048	Neutral
508896646173036544	Positive
508898457768427520	Positive
508898471374753792	Neutral
508899022070087680	Positive
508899485729431552	Positive
508899807248007168	Neutral
508899812314341376	Neutral
508899812314341376	Neutral
508900060693004288	Neutral
508900192868110336	Positive
508900213201715202	Neutral
508900399051702273	Neutral
508900558011641856	Positive
508900598461497344	Positive
508900759526596608	Positive
508900940418519041	Neutral
508901162847047680	Neutral
508901163706486784	Positive
508901355696553984	Neutral
508901700133203968	Positive
508901718588157952	Neutral
508901851459489792	Positive
508901862125219842	Neutral
508901883755233280	Negative
508902205739778048	Negative
508902546359209984	Neutral
508903304072814592	Negative
508903820382846978	Positive
508904867403137024	Positive
508905376045989889	Positive
508905416546582528	Positive
508905585832890368	Neutral
508905682599682048	Negative
508905991317229568	Positive
508906068173656066	Negative
508906068173656066	Negative
508906177338806272	Positive
508906339985547264	Positive
508906339985547264	Positive
508907113180299264	Positive
508907287595855872	Neutral
508907287595855872	Negative
508907512377376768	Negative
508907600097079296	Positive
508907792821137408	Positive
508907792821137408	Positive
508908437670203392	Neutral
508908621804355584	Positive
508908902684307456	Positive
508909032263135232	Positive
508909039754158080	Positive
508909039754158080	Positive
508909078425649152	Neutral
508909286215675904	Positive
508909929223430144	Positive
508910127798566912	Positive
508910127798566912	Positive
508910336091881472	Negative
508910623611420672	Negative
508910775512358912	Positive
508911467136290816	Positive
508911725186666496	Positive
508911946633342976	Positive
508911946633342976	Positive
508912354344857600	Neutral
508912457398894592	Neutral
508912491448254465	Neutral
508912548075544576	Neutral
508912548075544576	Positive
508912967875039232	Neutral
508913284817248257	Positive
508913284817248257	Neutral
508913311539527680	Neutral
508913538241662976	Positive
508913538241662976	Positive
508913586362544128	Neutral
508913586362544128	Neutral
508913803900510208	Positive
508914748638105600	Negative
508915083112886272	Negative
508916028752289792	Positive
508916028752289792	Positive
508916071902875648	Neutral
508916258482700288	Positive
508916509335629824	Positive
508916509335629824	Positive
508916517145427968	Positive
508916517145427968	Positive
508916869080686592	Positive
508916869080686592	Positive
508917153962008576	Neutral
508917153962008576	Neutral
508917154561806336	Negative
508917155220312066	Positive
508917155937521664	Positive
508917155937521664	Positive
508917156533129216	Neutral
508917267535781888	Positive
508917268357476353	Positive
508917493881376768	Positive
508917677159878657	Positive
508917680607625216	Positive
508917789424627712	Neutral
508917793308569600	Neutral
508918084384874497	Positive
508918322688442368	Positive
508918939746041856	Neutral
508919030858907648	Positive
508919159674388480	Negative
508919159674388480	Negative
508919186484396032	Positive
508919483512406016	Positive
508919510959546370	Neutral
508919942696026112	Positive
508920801119469570	Positive
508920833205891072	Positive
508921104069844992	Negative
508921516864839680	Positive
508921516864839680	Positive
508921520232886272	Positive
508921534153777152	Negative
508922327720271872	Neutral
508922400407556096	Positive
508922400407556096	Positive
508922917510324224	Neutral
508922917510324224	Neutral
508923590243520512	Negative
508924087444717568	Neutral
508924306357624832	Neutral
508924411835977731	Positive
508925006475460608	Positive
508926090589392896	Negative
508926091323387904	Positive
508926105588621312	Positive
508926594329493504	Positive
508927388089352192	Negative
508927452354445312	Negative
508927909327687681	Neutral
508928572846014464	Positive
508928697949097984	Positive
508928697949097984	Positive
508928704077398016	Neutral
508928704077398016	Neutral
508929490744250368	Positive
508929704775008256	Positive
508929704775008256	Positive
508929852742045697	Neutral
508929852742045697	Neutral
508930362206978048	Positive
508930641514496000	Negative
508930943977918465	Negative
508932164051017728	Positive
508932428929720320	Positive
508932428929720320	Positive
508932754210160640	Positive
508932779896500224	Positive
508932781280595968	Positive
508933261448339457	Negative
508933261448339457	Negative
508933361268969472	Negative
508934098665349121	Positive
508934098665349121	Positive
508934900117176320	Positive
508935213561696256	Positive
508935213561696256	Positive
508935919714304000	Positive
508936180860067840	Negative
508937842865606656	Positive
508937842865606656	Positive
508939173274066944	Neutral
508939173274066944	Neutral
508939187102294017	Negative
508939187102294017	Negative
508939695447740416	Positive
508939914902532097	Negative
508940402398101505	Negative
508940402398101505	Negative
508940992360497152	Neutral
508941147168075776	Positive
508941465687703552	Negative
508941481713754112	Positive
508941963299930113	Positive
508941963299930113	Positive
508942247942172672	Positive
508942248063414273	Negative
508942248063414273	Positive
508942311066439680	Positive
508942345606557696	Positive
508942494810513409	Positive
508942563735515136	Negative
508943323512725504	Positive
508944312844161024	Positive
508944393861353473	Neutral
508944559746084864	Neutral
508944559746084864	Neutral
508945310022787074	Negative
508945310022787074	Negative
508945545029632000	Negative
508945545629417472	Positive
508946225748795392	Neutral
508946326718275584	Positive
508946372012544000	Positive
508946738137546752	Positive
508946738137546752	Positive
508946828357013505	Neutral
508947082330537984	Neutral
508947344944271360	Positive
508947344944271360	Positive
508947542273318912	Positive
508947590717931521	Positive
508947590717931521	Positive
508947601459511296	Positive
508947723111124992	Positive
508947749606543360	Positive
508947797933301760	Negative
508948430685995008	Negative
508948817371463680	Neutral
508948901844361216	Neutral
508949781063143424	Negative
508950175893565442	Neutral
508950243439034368	Negative
508950243439034368	Negative
508950311428710400	Positive
508950433038360576	Positive
508950825298055168	Neutral
508950825298055168	Positive
508952149418860544	Positive
508952232813789184	Neutral
508952232813789184	Neutral
508952281086046210	Positive
508953752813195265	Positive
508954125359648768	Negative
508954674620555265	Neutral
508954753699950592	Positive
508955226087636992	Positive
508955428123054080	Positive
508955484884574208	Negative
508955518313193472	Positive
508955754091393024	Negative
508955754724720641	Positive
508955876657729536	Positive
508956034527154176	Positive
508956039484821505	Positive
508956273392758784	Positive
508956411788034048	Positive
508956829037367296	Negative
508957493436088321	Positive
508957910110461953	Negative
508957937336082432	Positive
508957937336082432	Positive
508958270569328640	Negative
508958515495723008	Negative
508958515495723008	Negative
508958625935945728	Negative
508958908489428992	Positive
508959768611143680	Positive
508959878099247104	Positive
508960207917965312	Positive
508960476500615168	Negative
508960539620683776	Neutral
508960735549198336	Positive
508960735549198336	Positive
508961754949648384	Positive
508962971994050560	Negative
508962971994050560	Negative
508963136096174080	Positive
508963440908439552	Neutral
508963440908439552	Positive
508963599277359104	Positive
508963807549345792	Negative
508964203357810688	Negative
508964344470962176	Positive
508964583202385921	Positive
508965012413501440	Positive
508965550043983872	Negative
508965555030614016	Neutral
508965555030614016	Neutral
508965948309897216	Positive
508966335704219648	Positive
508966347674370050	Neutral
508966383397646336	Neutral
508966431786942464	Positive
508966478553825280	Positive
508966621755342849	Positive
508966854564794368	Negative
508967401770479616	Positive
508967401770479616	Positive
508967692964233216	Neutral
508968020178268161	Positive
508968528406654976	Positive
508968621939646465	Positive
508968621939646465	Positive
508968934389714944	Neutral
508968934389714944	Neutral
508968960008933376	Neutral
508968978979770368	Positive
508969012534210560	Neutral
508969068951785473	Positive
508969068951785473	Positive
508969629721833472	Positive
508969678849720321	Positive
508970110594596864	Neutral
508970116063961088	Positive
508970121701101568	Positive
508970263678291968	Positive
508970434336161792	Neutral
508970522181656576	Negative
508970822136918017	Neutral
508970822136918017	Neutral
508971707093495808	Negative
508971844704018432	Positive
508972308690526208	Neutral
508972476429529088	Neutral
508972476429529088	Positive
508972486214819840	Positive
508972652711936001	Positive
508972652711936001	Positive
508972947483426816	Negative
508972971755864064	Positive
508972971755864064	Neutral
508973858624651266	Neutral
508974100522762240	Positive
508974155304566784	Positive
508974763654795264	Negative
508975704420417536	Negative
508975704420417536	Negative
508976108180897792	Negative
508976515909165057	Neutral
508976515909165057	Neutral
508976590538420224	Neutral
508976899943448577	Negative
508976900706820096	Negative
508976901470179329	Negative
508976901470179329	Negative
508977067237842944	Neutral
508977125937135616	Positive
508977197454225408	Positive
508977644348928000	Neutral
508977798904836096	Positive
508977798904836096	Neutral
508978132255137792	Positive
508978153092808704	Neutral
508978189977538562	Neutral
508978195836985344	Neutral
508978200031289344	Neutral
508978204095545344	Positive
508978381338472448	Positive
508978490994343936	Positive
508978617301602306	Neutral
508978617301602306	Neutral
508978794372550656	Negative
508978920956641280	Positive
508978920956641280	Positive
508978978909323264	Negative
508978978909323264	Negative
508979254701617152	Neutral
508979276176453632	Positive
508979406493462528	Positive
508979406493462528	Positive
508979566774194176	Neutral
508979567487229952	Neutral
508979742880829441	Neutral
508980228388311040	Positive
508980627463761920	Positive
508982287435063296	Neutral
508982287435063296	Neutral
508982567609970688	Neutral
508983404885737472	Positive
508983482190934017	Neutral
508983818209202176	Positive
508983818209202176	Neutral
508984175484219392	Neutral
508984663474704384	Neutral
508984663474704384	Neutral
508984950499332096	Neutral
508985123468222465	Positive
508985172541599744	Neutral
508985610917265408	Negative
508985624855326721	Positive
508985700357013504	Negative
508985742773985280	Neutral
508986009648758784	Positive
508986010500222977	Positive
508986010500222977	Positive
508986013105283072	Positive
508986013105283072	Positive
508986348892880896	Positive
508986807087034370	Neutral
508986807087034370	Positive
508987089031946240	Neutral
508987099388084224	Positive
508987434848497664	Positive
508988329040543744	Negative
508988568900227072	Negative
508988568900227072	Negative
508989435619586050	Neutral
508990300698996736	Positive
508990463328931840	Positive
508990463328931840	Positive
508990647945011202	Negative
508991352986562562	Neutral
508991352986562562	Neutral
508992058527186944	Neutral
508992058527186944	Neutral
508992170292826113	Neutral
508992388556390400	Positive
508992587596701696	Neutral
508992963699937281	Neutral
508993021053239296	Positive
508993176154406912	Positive
508994116362207232	Neutral
508994116362207232	Neutral
508994259882868736	Positive
508994259882868736	Positive
508995099603501056	Positive
508995374363594752	Neutral
508995833229217792	Positive
508996035038171136	Positive
508996265116721154	Positive
508996328014503938	Positive
508996328014503938	Positive
508996356455669760	Neutral
508996653190512640	Positive
508996711302197248	Negative
508996981197262848	Positive
508996981197262848	Positive
508997520299540481	Neutral
508997652181041152	Neutral
508997652181041152	Positive
508998359613726720	Positive
508999247631769600	Positive
508999465718382592	Positive
509000127294746624	Positive
509000638915547136	Positive
509000725297635328	Positive
509000930516537344	Negative
509001351574323201	Negative
509001433296171009	Positive
509001635700670464	Negative
509001655694917633	Neutral
509001856694353920	Negative
509002115722018816	Neutral
509002115722018816	Neutral
509002510112419840	Neutral
509002549186527232	Positive
509002549186527232	Positive
509002632787402752	Positive
509002676286545920	Neutral
509002815747129345	Positive
509002961163649024	Negative
509003136053571584	Positive
509003621045125121	Positive
509003700967583744	Negative
509003858019094528	Positive
509003858019094528	Positive
509003990944591872	Positive
509003990944591872	Positive
509004020758085632	Positive
509004364951064576	Neutral
509004364951064576	Neutral
509004474585989121	Negative
509005416765079552	Negative
509005636022333440	Neutral
509005735112744961	Neutral
509005752187748353	Neutral
509005752187748353	Neutral
509006399012360193	Neutral
509006443862040576	Neutral
509006714692468736	Neutral
509006718739951617	Negative
509007016749453312	Positive
509007067630551041	Positive
509007090632101888	Positive
509007228444352512	Neutral
509007306504171520	Negative
509008133289570305	Neutral
509008184632045568	Positive
509008270112358400	Positive
509008484831342593	Positive
509008516460605441	Positive
509008516460605441	Positive
509009315555188736	Positive
509009506408607744	Positive
509009891785449472	Neutral
509011047563288576	Negative
509012526513004545	Neutral
509013057939329024	Positive
509013186381873152	Neutral
509013298176864256	Positive
509013350525984769	Negative
509013629778526208	Positive
509014107190992897	Neutral
509014503485632512	Negative
509014647983591424	Neutral
509014746931408896	Positive
509014746931408896	Negative
509014866079014914	Positive
509015220854218753	Positive
509015256555716608	Negative
509015257151324160	Negative
509015257830785024	Negative
509015258560602112	Positive
509015260435476480	Positive
509015449439584256	Neutral
509015752473870337	Positive
509016169068908545	Negative
509017117367476224	Neutral
509017263580913664	Positive
509017346116452352	Positive
509017570448773122	Positive
509017570448773122	Neutral
509018040571154432	Positive
509018040571154432	Positive
509018659294289920	Neutral
509018659294289920	Neutral
509018852319977472	Neutral
509019216260116480	Negative
509019910488743936	Negative
509020067565015040	Neutral
509020401578827776	Neutral
509020874650169345	Positive
509021227944382464	Neutral
509021515988615168	Negative
509021694611050496	Positive
509023376309252097	Negative
509023398648094720	Negative
509023407112196096	Neutral
509023407112196096	Neutral
509023423381929985	Positive
509023423381929985	Positive
509023493170925569	Neutral
509023521339473920	Positive
509024973772439553	Negative
509024974858756096	Negative
509025215368929280	Neutral
509025215368929280	Neutral
509025241025495040	Positive
509025889775284224	Positive
509025889775284224	Positive
509026317359403008	Positive
509026616996274176	Positive
509026741281890304	Positive
509027092701663233	Positive
509027875237158912	Positive
509028351735234560	Positive
509028947707695104	Negative
509030818267004928	Neutral
509030923623759873	Positive
509030925293084672	Positive
509030925293084672	Positive
509030995862224896	Positive
509030995862224896	Positive
509031106025631745	Positive
509031483093159936	Negative
509031931233579008	Neutral
509032155976957952	Negative
509032156736131072	Neutral
509032354888052736	Negative
509032550162235392	Negative
509032550162235392	Negative
509032695171936256	Neutral
509034270481207296	Neutral
509034276550377472	Positive
509034691949625344	Positive
509035992268161024	Negative
509035992268161024	Negative
509036856215097344	Neutral
509036879086637056	Neutral
509038474922835968	Neutral
509038475753312257	Positive
509038478987108353	Neutral
509038593202208769	Neutral
509038818058854400	Neutral
509039440572858368	Positive
509039514476892160	Positive
509039514476892160	Positive
509040312656740352	Neutral
509040312656740352	Neutral
509040791059431424	Positive
509041206345875456	Positive
509041516493688835	Positive
509041674740584448	Neutral
509041674740584448	Negative
509042242171207680	Positive
509042361335549952	Positive
509042674675228673	Positive
509042674675228673	Positive
509043582586847234	Positive
509043837999013888	Neutral
509043876472958976	Positive
509044307551350784	Positive
509044572148625408	Negative
509045373294628864	Positive
509046078277046273	Neutral
509046078277046273	Neutral
509047013741428736	Neutral
509048311228018688	Neutral
509048878801248256	Neutral
509048879585558528	Neutral
509049863284477952	Neutral
509051060699533312	Positive
509051108564951040	Positive
509051377285611520	Positive
509051665585303552	Neutral
509051665585303552	Neutral
509052031701880832	Positive
509052031701880832	Positive
509052138929278976	Positive
509052533474459648	Positive
509052835757957120	Neutral
509052835757957120	Neutral
509053280710713344	Neutral
509053575872667648	Positive
509053583489527809	Neutral
509054491938029568	Negative
509054518945132544	Positive
509054693541421056	Negative
509054693541421056	Negative
509055455201460225	Positive
509055502740103169	Negative
509055783787831296	Neutral
509055783787831296	Neutral
509057198547546112	Positive
509057198547546112	Positive
509057342059868162	Positive
509057342059868162	Positive
509057383415308288	Positive
509057642120368129	Neutral
509057871968235520	Neutral
509058197953712129	Positive
509059567313899520	Positive
509059622423248896	Positive
509060102297772032	Positive
509060102297772032	Positive
509061118703071232	Positive
509061118703071232	Positive
509061128132247554	Positive
509061301122105344	Positive
509062128180158466	Negative
509062740581707777	Neutral
509063041091391490	Neutral
509063262814879745	Neutral
509063875288113152	Neutral
509064939689238529	Positive
509065043464708096	Positive
509065329285558272	Negative
509066633935986688	Neutral
509067210866692096	Positive
509067618675097600	Positive
509068182750253056	Neutral
509068659528957952	Negative
509068659528957952	Negative
509068660204240896	Positive
509068667691491328	Negative
509068808280363008	Negative
509069665700954113	Negative
509069817400549376	Neutral
509069920328773632	Positive
509070272692228096	Positive
509072439805218816	Positive
509072506217836544	Neutral
509072562522165248	Neutral
509072684760965122	Negative
509074975467515904	Positive
509074975467515904	Negative
509075895941095424	Positive
509076030792159232	Negative
509076030792159232	Negative
509076227387580416	Positive
509079986335383553	Negative
509080676940132352	Positive
509080852806918144	Neutral
509081335567486976	Neutral
509081407574929409	Positive
509083013226176512	Neutral
509083773494132736	Neutral
509083773494132736	Neutral
509084038833770496	Positive
509084072639856641	Positive
509084876566724608	Negative
509085428818120704	Neutral
509086493886144513	Neutral
509086806327824384	Neutral
509091904147841024	Positive
509091904743419904	Positive
509092239126315008	Positive
509092960001347584	Positive
509093828180316162	Negative
509094183450062848	Neutral
509102792246841344	Neutral
509105203657080832	Neutral
509105203657080832	Negative
509105915539501056	Positive
509106255978192896	Negative
509106637978615808	Negative
509109111913721856	Positive
509109431024750592	Positive
509109431024750592	Neutral
509109909070548992	Negative
509109909070548992	Negative
509109951646941184	Negative
509110317142773761	Negative
509113969400111105	Neutral
509118264921063424	Negative
509120189687148544	Positive
509127660682108928	Positive
509191496075984896	Neutral
509194952593899521	Positive
509196901388783616	Positive
509196901967593472	Negative
509196901967593472	Negative
509197014668955649	Positive
509198473603072000	Positive
509199329924370433	Neutral
509199329924370433	Positive
509202185834733569	Neutral
509204824685293568	Positive
509205333051723777	Neutral
509206382508138496	Neutral
509206543913349120	Negative
509206544668307456	Positive
509206544668307456	Negative
509206545431674880	Negative
509206567187914752	Negative
509207230089269248	Neutral
509208426350907392	Negative
509208651400478720	Positive
509210183374213120	Neutral
509211905789927424	Negative
509212114595373056	Positive
509212367226675200	Neutral
509214337571901440	Positive
509214756344193024	Negative
509215310126120960	Positive
509215310126120960	Positive
509215506675826688	Neutral
509216582837366784	Positive
509216948916207616	Negative
509217320955543552	Neutral
509217623700422657	Negative
509218038038949889	Positive
509218113054056448	Neutral
509218516294459392	Neutral
509218558057152512	Positive
509218558057152512	Neutral
509219004163297280	Neutral
509219668276813824	Neutral
509219768252252160	Neutral
509219802502938624	Neutral
509220511474548736	Negative
509220772481863680	Negative
509220772481863680	Negative
509221811083833344	Neutral
509221838908841984	Neutral
509221838908841984	Positive
509222116936273921	Negative
509222117645119488	Negative
509222630402949121	Negative
509222633511346176	Negative
509223229945573377	Negative
509223276800131072	Positive
509223891815104512	Negative
509223891815104512	Negative
509223994822651904	Neutral
509223995439202304	Positive
509225736507777024	Neutral
509225736507777024	Neutral
509225863150571520	Neutral
509225966418526208	Negative
509226079593463808	Neutral
509226151915839489	Neutral
509226151915839489	Neutral
509226404677189632	Neutral
509227868917071872	Positive
509229457379713024	Negative
509229835663593472	Neutral
509229835663593472	Neutral
509230708762902528	Neutral
509230809153548290	Negative
509231086803910656	Positive
509231293671149568	Neutral
509231312402534400	Neutral
509231312402534400	Positive
509232202870030336	Positive
509232280653803520	Positive
509233127567265792	Positive
509234197915906049	Neutral
509234254166110208	Neutral
509234768857546752	Positive
509235132008390657	Negative
509235133753217024	Positive
509236055401578496	Positive
509236061516886016	Negative
509236061516886016	Negative
509236203506634752	Neutral
509236785592143873	Positive
509236898829971456	Positive
509237422392348672	Negative
509237434409041920	Negative
509237747773886464	Positive
509237870398541824	Neutral
509238020072275968	Positive
509238020072275968	Positive
509238032512581632	Positive
509238320782934016	Negative
509238334930305024	Positive
509238433483853824	Negative
509239052038832128	Positive
509239052038832128	Positive
509239116610170880	Negative
509239116610170880	Negative
509239759236259840	Neutral
509239817683881984	Neutral
509239936428814337	Neutral
509239936428814337	Neutral
509240179698434048	Neutral
509240757757444097	Positive
509240757757444097	Positive
509241212772311040	Negative
509241309446430720	Positive
509241598371053571	Negative
509241695356342272	Positive
509241695356342272	Positive
509241728508104704	Neutral
509241728508104704	Positive
509242018267021312	Neutral
509242145845555200	Neutral
509242145845555200	Neutral
509242305547866112	Neutral
509242316021039105	Positive
509243249295245312	Positive
509243412592480256	Neutral
509243781598937088	Negative
509244241437261824	Negative
509244241437261824	Negative
509244353228062720	Negative
509244558488911872	Neutral
509244838223839232	Negative
509245151517368320	Positive
509245282585165824	Positive
509245282585165824	Positive
509245299856908288	Negative
509245520192479232	Positive
509245520192479232	Positive
509245678883971072	Positive
509245812212502528	Neutral
509245847729491968	Neutral
509245863915302912	Neutral
509246112054923264	Neutral
509246112054923264	Neutral
509246313712852992	Negative
509246313712852992	Negative
509246765824884736	Neutral
509247139138904064	Negative
509247139138904064	Negative
509247298598371328	Negative
509247298598371328	Negative
509248172204781568	Positive
509248359320662016	Positive
509248380699435008	Negative
509248469408964608	Positive
509248610710863873	Positive
509248642520461312	Positive
509248879687393280	Neutral
509248919797121024	Neutral
509248919797121024	Neutral
509249418806427648	Positive
509249457343725568	Neutral
509249492093509632	Positive
509249564227145728	Positive
509249564227145728	Positive
509249859732647936	Positive
509249866829410304	Positive
509249870008700929	Positive
509250205976637440	Negative
509250446339227649	Positive
509250577113825280	Neutral
509251322177019905	Negative
509251452666408960	Neutral
509252129601511424	Positive
509252195339227136	Positive
509252374062727168	Positive
509252404173611009	Negative
509252407587373056	Positive
509253213124431872	Negative
509253213711638529	Positive
509253384738574336	Positive
509254220235948033	Positive
509254278448676864	Neutral
509254461190307840	Neutral
509254654782631936	Negative
509254701171634176	Positive
509254701171634176	Positive
509254889441353728	Positive
509254889441353728	Positive
509255745914044417	Positive
509255843314151424	Negative
509255858858242048	Negative
509257400889925632	Positive
509257453830430720	Neutral
509258068379832320	Neutral
509258218116513792	Positive
509258218116513792	Positive
509258415735328770	Positive
509258494600839168	Negative
509259125424140288	Positive
509259730699976704	Negative
509259933687484416	Negative
509260306418515968	Positive
509260813887352832	Neutral
509261832616677376	Positive
509261832616677376	Positive
509261986635714560	Neutral
509262355625422848	Neutral
509262587671109632	Neutral
509262627147898880	Positive
509262627147898880	Positive
509262672765124608	Positive
509263004203229184	Neutral
509263044632133632	Neutral
509263044632133632	Neutral
509263165541318656	Negative
509263223497842689	Neutral
509263533544980480	Negative
509263533544980480	Negative
509263534203473920	Positive
509263534824226816	Negative
509263557733908480	Neutral
509263557733908480	Neutral
509263563144581120	Neutral
509263563144581120	Neutral
509263575731671040	Positive
509263814966390784	Positive
509263933166059520	Positive
509264053471305728	Positive
509264438013464576	Negative
509264622134636544	Neutral
509264885037793281	Neutral
509264885037793281	Neutral
509264965145210880	Positive
509265479807275008	Neutral
509265479807275008	Neutral
509265789124231168	Positive
509266306512986113	Neutral
509266306512986113	Positive
509266498515267585	Neutral
509267250910478336	Positive
509267250910478336	Positive
509267290064711680	Positive
509267935664160768	Positive
509268314175315968	Positive
509268573194575872	Positive
509268753524490240	Negative
509268753524490240	Positive
509268857836822528	Positive
509269182936924160	Positive
509269768122023936	Positive
509270023102558209	Positive
509270023102558209	Positive
509270369841455105	Negative
509270490905849857	Negative
509271103316176896	Positive
509271217006997504	Positive
509271787251978240	Positive
509271819355168768	Positive
509272055955472384	Positive
509272094748602368	Positive
509272395853860864	Positive
509272509930561536	Negative
509272510769430529	Positive
509272510769430529	Positive
509272829989515264	Positive
509272829989515264	Positive
509272991692115968	Positive
509273267626971136	Positive
509273267626971136	Positive
509273895040716800	Neutral
509273895040716800	Neutral
509273987826733057	Positive
509274341767659520	Neutral
509274354450825216	Negative
509274811160612864	Neutral
509275003217784832	Neutral
509275167764537344	Positive
509275515413602305	Negative
509275872944459776	Neutral
509276117153628160	Negative
509276255771181056	Positive
509276345567023104	Neutral
509276979368312832	Positive
509277549118373888	Negative
509277688700624896	Positive
509277699568041984	Positive
509277986609045505	Positive
509277986609045505	Positive
509278559735930880	Positive
509278586692718592	Negative
509279535050031104	Negative
509279622916497408	Positive
509280060327464960	Negative
509280061565194240	Neutral
509280231400964096	Neutral
509280235779792897	Neutral
509280240393535488	Neutral
509280294797840384	Positive
509280294797840384	Positive
509280350183628800	Positive
509281380388175872	Positive
509281649738407937	Positive
509282822943944704	Positive
509283580598824961	Neutral
509284180560465920	Neutral
509284648720273408	Neutral
509284798943088640	Negative
509285129467219968	Positive
509285685581201408	Neutral
509287244252073985	Positive
509287412955369473	Positive
509287482987642880	Positive
509287482987642880	Positive
509287882326933504	Positive
509287882326933504	Positive
509288044130598912	Positive
509288892781309952	Negative
509289719214407680	Positive
509289867256528896	Positive
509290138930003968	Positive
509290138930003968	Positive
509290713117229056	Positive
509290901940998145	Positive
509291063744675840	Positive
509291655728336898	Positive
509291849417117698	Neutral
509292247087845376	Positive
509292569834967040	Negative
509292570724163585	Negative
509292662978281474	Positive
509292716258107393	Negative
509292757673078784	Negative
509292757673078784	Negative
509292918390411264	Positive
509293277007208448	Positive
509293577684664320	Neutral
509293577684664320	Neutral
509293690805043201	Negative
509293690805043201	Negative
509293723973603328	Neutral
509293765027450880	Positive
509293969134477312	Positive
509295157473476608	Positive
509295175160848384	Positive
509297102569349120	Neutral
509297228385484800	Positive
509297231287967744	Positive
509297763692335105	Positive
509297777026039809	Positive
509297784831606784	Positive
509297932496277504	Positive
509298897538519040	Negative
509299037636272128	Positive
509299682288603136	Negative
509299682288603136	Neutral
509299894507823104	Neutral
509300021255495680	Neutral
509300021255495680	Neutral
509300060887076865	Positive
509300331931774976	Neutral
509300547867115521	Positive
509300575390138368	Neutral
509300769649348608	Positive
509300772060684288	Negative
509300823932018688	Positive
509300895318675457	Negative
509300897004785664	Negative
509300898128875521	Negative
509301218544738304	Positive
509301341215145985	Neutral
509301390041440256	Positive
509302020973416448	Neutral
509302438487404544	Negative
509302438487404544	Positive
509303260801662976	Negative
509303342221512705	Negative
509303342221512705	Negative
509303606630440961	Negative
509304072630194176	Positive
509304337135570944	Neutral
509304337135570944	Neutral
509304370203492352	Negative
509304370203492352	Negative
509304401773600769	Positive
509304401773600769	Positive
509304722612699136	Positive
509304722612699136	Positive
509305111278272512	Positive
509305633989201920	Positive
509306307044970496	Negative
509307529910681600	Positive
509308181231591424	Neutral
509308325608304642	Positive
509310251360075777	Positive
509310258339414016	Positive
509310258339414016	Positive
509310262038761472	Positive
509310649516564480	Neutral
509311056091422720	Positive
509311077687898113	Negative
509311077687898113	Negative
509311127080402944	Positive
509312025910984705	Positive
509312028163338243	Positive
509312298037821440	Positive
509312523586134016	Negative
509312574987321344	Positive
509312644885401600	Neutral
509312644885401600	Neutral
509312708089368578	Positive
509312775412133888	Positive
509313002777362433	Positive
509313015364464640	Neutral
509313154606587904	Neutral
509313154606587904	Neutral
509314068122202112	Negative
509314657568309249	Positive
509317052512108545	Neutral
509317244883443713	Positive
509317287858274304	Negative
509318352930873344	Positive
509319031577669632	Neutral
509319031577669632	Positive
509319451217764352	Positive
509319621095477249	Positive
509319769909387264	Neutral
509320058829803521	Negative
509320374149214209	Positive
509320526087860226	Neutral
509321015894499328	Negative
509321045002948608	Negative
509321292382994432	Neutral
509321410180034560	Positive
509321410180034560	Positive
509321588689629184	Positive
509321635498049538	Positive
509321635498049538	Positive
509321640803446784	Positive
509322089699221504	Negative
509322089699221504	Neutral
509322173170077696	Positive
509322209526317056	Positive
509322645158912001	Positive
509322645804826625	Negative
509322840093753344	Positive
509322840093753344	Positive
509323720612380672	Positive
509324019720790016	Positive
509324037181681664	Negative
509324192609603585	Neutral
509324263824711680	Negative
509324488605827074	Negative
509324911051948032	Positive
509325564998873090	Neutral
509325564998873090	Neutral
509325849662091264	Negative
509326103463600128	Positive
509326190885482497	Negative
509326190885482497	Neutral
509326247965757440	Positive
509326275396534272	Neutral
509327066173808640	Positive
509327939310080000	Neutral
509327952195371008	Neutral
509328022344704000	Neutral
509328452118253571	Neutral
509328452118253571	Positive
509328465712414720	Positive
509329080785702912	Positive
509329081469399041	Negative
509329082077564928	Positive
509329082652168193	Positive
509329082652168193	Positive
509329083285516288	Positive
509329192274919424	Positive
509329677987500032	Positive
509329815913398272	Negative
509329815913398272	Negative
509330055999545344	Neutral
509330076346105856	Positive
509330310191144960	Negative
509330488528752640	Positive
509330593880895488	Positive
509330660729708545	Negative
509330879575900160	Neutral
509331361946435584	Positive
509331638577135617	Neutral
509332563001765889	Negative
509332909850132481	Neutral
509333133247127553	Neutral
509333633908228096	Neutral
509333633908228096	Neutral
509333752318001152	Neutral
509333752318001152	Neutral
509333960594575360	Neutral
509334328464388097	Positive
509334371086512128	Negative
509334371086512128	Negative
509334376988291072	Neutral
509334429613821952	Neutral
509334522459348992	Positive
509334555468529665	Neutral
509334564050067456	Neutral
509334564050067456	Neutral
509334569850785792	Positive
509334569850785792	Positive
509334586598641665	Neutral
509334730513596416	Positive
509334730513596416	Positive
509334884989415424	Positive
509335921309675520	Negative
509335969229996032	Positive
509336312013651968	Positive
509336312013651968	Positive
509336321710891008	Neutral
509338042293706752	Negative
509338078893572096	Negative
509338078893572096	Negative
509338103274676226	Negative
509338105774477312	Positive
509338107125067777	Neutral
509338261085777922	Neutral
509338329801064448	Positive
509338678670655488	Neutral
509339265168580608	Positive
509339272520798208	Negative
509339272520798208	Negative
509339371045421056	Positive
509339377403584513	Neutral
509339378057879552	Positive
509339378057879552	Positive
509339378808672257	Neutral
509339475554865153	Positive
509339720263159808	Positive
509339720263159808	Positive
509339745965838336	Neutral
509339788387037184	Positive
509340396305252353	Neutral
509340457823113216	Positive
509340457823113216	Positive
509340461916778497	Positive
509340562873679872	Neutral
509340598672064512	Positive
509340602887315456	Neutral
509340606670577664	Neutral
509341240551567360	Positive
509341784606920704	Neutral
509342133284012033	Negative
509342416403300353	Positive
509342416403300353	Positive
509342417145716736	Negative
509343065338023936	Neutral
509343066072031232	Positive
509343066072031232	Positive
509343102587637760	Neutral
509343102587637760	Neutral
509343554972286976	Positive
509343554972286976	Positive
509344292574613504	Positive
509345171637813248	Neutral
509345171637813248	Positive
509345618247290880	Positive
509345618247290880	Positive
509345648882487296	Positive
509345664518856704	Neutral
509345748769443840	Neutral
509345890062987264	Neutral
509346152496766977	Negative
509346291659603970	Neutral
509346296503996417	Neutral
509346452712075264	Neutral
509346484006174720	Neutral
509346701195620352	Neutral
509347193393004544	Positive
509347548503756800	Neutral
509348006399725568	Negative
509348006399725568	Negative
509348319005777920	Neutral
509348750565703680	Positive
509348750565703680	Neutral
509349053855842305	Positive
509350985803001857	Neutral
509351639631659008	Positive
509351639631659008	Positive
509351883149152256	Negative
509352620201627648	Positive
509353711203000320	Neutral
509354282827907073	Positive
509354287450042368	Positive
509354509626134528	Positive
509354559785799681	Positive
509354651200667648	Neutral
509354703075815424	Positive
509355563093073921	Positive
509355614472925184	Negative
509355918744879104	Positive
509356076261986304	Positive
509356287420035072	Positive
509356345687310336	Positive
509356345687310336	Positive
509356358513475584	Negative
509356650843869185	Positive
509356650843869185	Negative
509357707196137473	Negative
509357767615066112	Negative
509357783058509824	Negative
509358419061788672	Neutral
509358461692690433	Negative
509358783483879424	Neutral
509358783483879424	Positive
509359988096368640	Positive
509360623038107648	Negative
509360624791339008	Negative
509360625579851776	Negative
509360626926235649	Neutral
509360628587196416	Negative
509360953105063937	Positive
509361166666444800	Negative
509361166666444800	Negative
509361213231603712	Positive
509361245431279616	Positive
509361494581334016	Positive
509361516475584512	Neutral
509361995380846592	Neutral
509362701144162304	Neutral
509362708236341248	Neutral
509363117735022593	Positive
509363925847011328	Positive
509363925847011328	Negative
509366766846242816	Positive
509367036330274816	Positive
509367152160559104	Positive
509367431593467904	Positive
509367438769913856	Positive
509367878727249922	Positive
509369402165587969	Neutral
509369445173960704	Negative
509369662187270144	Neutral
509370241194160128	Negative
509370654488293376	Positive
509371971948527616	Negative
509372162831298561	Negative
509372162831298561	Negative
509372506940399616	Positive
509374123492257792	Neutral
509375227269111808	Positive
509375700982595584	Positive
509375734813818881	Positive
509375925109014528	Neutral
509376081154281472	Neutral
509376483891355649	Neutral
509377833496748032	Positive
509377989956890624	Neutral
509378295876820992	Positive
509378295876820992	Positive
509378471651713024	Positive
509378495265669120	Positive
509378543201955840	Negative
509378543201955840	Negative
509379368570060800	Positive
509379410685067265	Positive
509379499138744320	Positive
509379715296411648	Positive
509380179303858178	Neutral
509380228863762432	Positive
509380228863762432	Positive
509380248518291456	Positive
509380254063161344	Positive
509380259830333440	Positive
509383175517126657	Positive
509383700581449729	Positive
509384104035377152	Neutral
509384162021617664	Positive
509384329424678912	Positive
509384783563341824	Negative
509385115248898048	Negative
509385402227388417	Positive
509385510260068353	Negative
509385510260068353	Positive
509385610239688705	Negative
509385749817720832	Neutral
509385754150461440	Negative
509385755894882304	Positive
509385761989591040	Positive
509385761989591040	Positive
509386387326775296	Negative
509386387326775296	Negative
509386822154481664	Positive
509387225264816128	Negative
509387303119507456	Negative
509387321050148864	Negative
509387330290200576	Positive
509387676378624000	Negative
509387985188433921	Neutral
509388242320621568	Positive
509388242320621568	Positive
509388364622344192	Neutral
509388970472796161	Negative
509389326829248513	Negative
509389415513612289	Negative
509389423650553856	Negative
509389423650553856	Negative
509389539576926208	Positive
509389665305366529	Negative
509389737581625345	Negative
509389784620728320	Negative
509389893278380032	Negative
509390060634906624	Negative
509390061813518336	Negative
509390062522359810	Positive
509390099877203969	Negative
509390294312554496	Negative
509390461178753025	Negative
509390524328194048	Neutral
509390557668323328	Positive
509391108577980416	Positive
509391238504931329	Positive
509391760481878016	Neutral
509391881500098562	Positive
509391881500098562	Positive
509392194856169474	Neutral
509392267002773504	Positive
509393024674455552	Positive
509393093515567104	Negative
509393155490185216	Neutral
509393308075163648	Neutral
509393308100341760	Positive
509394886857326592	Positive
509394898760773632	Negative
509395200981368832	Negative
509395244262383617	Positive
509395325757710336	Negative
509395325757710336	Negative
509395563473694720	Positive
509395563473694720	Positive
509395756693065728	Neutral
509396122331529216	Neutral
509397038174601216	Neutral
509397228604358656	Negative
509397260418158592	Positive
509397491004223489	Negative
509397944895012865	Positive
509398603656613888	Negative
509398737954045952	Negative
509398737954045952	Negative
509398983840501760	Positive
509399460058005504	Positive
509399460058005504	Positive
509399619856777216	Negative
